{"cameraMode":{"drawMode":0,"name":"Shaded","section":"Shading Mode"},"sceneLighting":false,"audioPlay":false,"sceneViewState":{"m_AlwaysRefresh":false,"showFog":true,"showSkybox":false,"showFlares":true,"showImageEffects":true,"showParticleSystems":true,"showVisualEffectGraphs":true,"m_FxEnabled":true},"in2DMode":false,"pivot":{"x":0.00021529197692871094,"y":-0.4999999403953552,"z":0.00048422813415527344},"rotation":{"x":0.4140113592147827,"y":0.012287935242056847,"z":-0.005589396692812443,"w":0.9101726412773132},"size":7.089217185974121,"orthographic":false}