{"cameraMode":{"drawMode":0,"name":"Shaded","section":"Shading Mode"},"sceneLighting":false,"audioPlay":false,"sceneViewState":{"m_AlwaysRefresh":false,"showFog":true,"showSkybox":false,"showFlares":true,"showImageEffects":true,"showParticleSystems":true,"showVisualEffectGraphs":true,"m_FxEnabled":true},"in2DMode":false,"pivot":{"x":-2.216233730316162,"y":2.481128692626953,"z":-0.45992469787597659},"rotation":{"x":0.12627030909061433,"y":-0.06690676510334015,"z":0.008536279201507569,"w":0.9897028207778931},"size":4.894346237182617,"orthographic":false}