{"cameraMode":{"drawMode":0,"name":"Shaded","section":"Shading Mode"},"sceneLighting":false,"audioPlay":false,"sceneViewState":{"m_AlwaysRefresh":false,"showFog":true,"showSkybox":false,"showFlares":true,"showImageEffects":true,"showParticleSystems":true,"showVisualEffectGraphs":true,"m_FxEnabled":true},"in2DMode":false,"pivot":{"x":-2.153848171234131,"y":-2.7992966175079347,"z":-3.548250198364258},"rotation":{"x":0.4140113592147827,"y":0.012287935242056847,"z":-0.005589396692812443,"w":0.9101726412773132},"size":3.9975903034210207,"orthographic":false}